Profile,Bio,Following Count,Followers Count,Location,Website
GTNUK1,"Providing Entertainment & Travel to Commercial Radio. Reaching 28.9M weekly listeners. Winners of The Arqiva National Sales Team of the Year 2010, 2011 & 2016",460,127,"London, England",gtn.uk.com/index.php
whatsapp,"Simple, reliable, private.",3,5.4M,California,NA
aacb_CBPTrade,Customs Broker,125,32,"Florida, USA",NA
aacbdotcom,A & A Freight | Warehousing | Customs Brokerage | Helping people ship across borders.,"3,986",665,Worldwide,aacb.com
AAWindowPRODUCT,A commercial glass and glazing company serving the window industry in New England since 1954. #SafetyQualityService,89,80,"Malden, MA",aawindowproducts.com
aandb_kia,"A&B Kia is a Kia dealer in Benwood, WV. Stay connected to exceed expectations. Build strong relationships. Drive the best with us.",339,296,"Benwood, West Virginia ",aandbautosales.com
ABHomeInc,"Industry leader in wholesale home decor, furniture, and garden, since 1993.",181,364,"Rancho Cucamonga, CA",abhomeinc.com
Abrepro,"From large format black & white prints to the most sophisticated of digital color printing jobs, A & B can get the job done right.",125,133,"Bentonville, AR",abrepro.com
ACChristofiLtd,"A & C CHRISTOFI LTD is a fast growing professional services company based in Limassol, Cyprus. Our main Concern is your Business.",292,89,Cyprus,acccyp.com
aeclothing1,Used Clothing Distributor,0,15,Carteret,aeclothing.net
wix,"Create, manage and grow your business online with Wix. It’s more than just a website builder, it’s how your vision comes to life. For support: 
@WixHelp
.","3,695",418.8K,We're everywhere!,wix.com
AGInsuranceLLC,"A & G Insurance prides itself on being your local, full service, Independent Insurance Agency.",260,42,Connecticut,aginsuranceinc.com
chiproytx,"Husband, father, cancer survivor, Congressman from the Great State of Texas. Freedom works.",,,"Austin, Texas",NA
Ron4California,"Politics with a focus on Los Angeles. Work with 
@protectculver
 . Wrote a book a while ago 
@inferno_la
 . Block and report for better conversational health!","1,499",22.2K,"Culver City, CA",ronfor37.org/naah
myogiadityanath,"मुख्यमंत्री (उत्तर प्रदेश); गोरक्षपीठाधीश्वर, श्री गोरक्षपीठ; सदस्य, विधान सभा, उत्तर प्रदेश; पूर्व सांसद (लोकसभा-लगातार 5 बार) गोरखपुर, उत्तर प्रदेश",56,26.9M,"गोरखपुर, उत्तर प्रदेश",yogiadityanath.in
